Price,Close,Volume
Ticker,NTPIF,NTPIF
Date,,
2021-03-22,11.789999961853027,283200
2021-03-23,12.239999771118164,170000
2021-03-24,11.9399995803833,197000
2021-03-25,11.770000457763672,99900
2021-03-26,12.079999923706055,122700
2021-03-29,11.789999961853027,80900
2021-03-30,11.710000038146973,76600
2021-03-31,12.329999923706055,135500
2021-04-01,12.130000114440918,80000
2021-04-05,12.039999961853027,57600
2021-04-06,12.3100004196167,99600
2021-04-07,12.210000038146973,34200
2021-04-08,12.180000305175781,51400
2021-04-09,11.630000114440918,50000
2021-04-12,11.899999618530273,208700
2021-04-13,13.899999618530273,946900
2021-04-14,13.180000305175781,690400
2021-04-15,11.920000076293945,285600
2021-04-16,12.149999618530273,256300
2021-04-19,12.970000267028809,260200
2021-04-20,12.4399995803833,105000
2021-04-21,12.180000305175781,335200
2021-04-22,11.829999923706055,103800
2021-04-23,11.949999809265137,103000
2021-04-26,10.75,402400
2021-04-27,11.600000381469727,234800
2021-04-28,11.680000305175781,111200
2021-04-29,12.970000267028809,595400
2021-04-30,12.9399995803833,450100
2021-05-03,14.470000267028809,787100
2021-05-04,15.600000381469727,662200
2021-05-05,16.06999969482422,360100
2021-05-06,16.59000015258789,396200
2021-05-07,19.030000686645508,1274400
2021-05-10,18.809999465942383,1126200
2021-05-11,19.84000015258789,1336300
2021-05-12,18.829999923706055,1184400
2021-05-13,20.56999969482422,1156000
2021-05-14,20.719999313354492,934000
2021-05-17,21.799999237060547,370600
2021-05-18,20.860000610351562,350300
2021-05-19,20.079999923706055,162300
2021-05-20,23.84000015258789,1147700
2021-05-21,25.229999542236328,771000
2021-05-24,24.510000228881836,812700
2021-05-25,26.40999984741211,839800
2021-05-26,23.59000015258789,1080900
2021-05-27,26.1200008392334,1304000
2021-05-28,27.18000030517578,1438500
2021-06-01,29.649999618530273,450700
2021-06-02,27.350000381469727,555100
2021-06-03,26.270000457763672,232800
2021-06-04,27.270000457763672,249000
2021-06-07,31.989999771118164,785800
2021-06-08,35.029998779296875,571200
2021-06-09,33.91999816894531,783800
2021-06-10,35.310001373291016,434500
2021-06-11,36.900001525878906,372800
2021-06-14,33.45000076293945,325700
2021-06-15,30.8700008392334,378300
2021-06-16,29.829999923706055,319200
2021-06-17,30.920000076293945,321400
2021-06-18,26.799999237060547,437100
2021-06-21,28.149999618530273,310000
2021-06-22,25.770000457763672,407700
2021-06-23,25.780000686645508,188600
2021-06-24,26.760000228881836,318700
2021-06-25,25.739999771118164,144500
2021-06-28,26.229999542236328,459000
2021-06-29,22.270000457763672,959000
2021-06-30,27.709999084472656,933000
2021-07-01,23.479999542236328,217000
2021-07-02,22.190000534057617,204000
2021-07-06,21.8799991607666,258600
2021-07-07,20.200000762939453,371100
2021-07-08,19.520000457763672,142200
2021-07-09,20.489999771118164,189000
2021-07-12,21.5,195400
2021-07-13,21.440000534057617,232900
2021-07-14,22.260000228881836,210200
2021-07-15,23.079999923706055,203500
2021-07-16,22.68000030517578,269900
2021-07-19,22.860000610351562,393400
2021-07-20,25.440000534057617,285700
2021-07-21,24.420000076293945,504800
2021-07-22,25.420000076293945,237800
2021-07-23,24.6200008392334,153100
2021-07-26,23.559999465942383,215200
2021-07-27,22.780000686645508,183200
2021-07-28,22.829999923706055,186100
2021-07-29,21.239999771118164,315400
2021-07-30,20.530000686645508,145300
2021-08-02,21.030000686645508,129300
2021-08-03,21.5,120500
2021-08-04,21.649999618530273,95900
2021-08-05,23.0,66700
2021-08-06,21.670000076293945,105300
2021-08-09,23.809999465942383,156600
2021-08-10,24.760000228881836,115300
2021-08-11,24.600000381469727,165300
2021-08-12,24.0,30000
2021-08-13,24.049999237060547,31700
2021-08-16,23.549999237060547,76900
2021-08-17,22.959999084472656,63700
2021-08-18,23.170000076293945,40100
2021-08-19,22.170000076293945,46000
2021-08-20,23.110000610351562,23300
2021-08-23,23.229999542236328,38600
2021-08-24,24.399999618530273,52400
2021-08-25,25.229999542236328,67900
2021-08-26,25.8700008392334,42900
2021-08-27,26.399999618530273,46600
2021-08-30,26.149999618530273,30900
2021-08-31,25.950000762939453,33100
2021-09-01,26.229999542236328,40200
2021-09-02,25.31999969482422,53900
2021-09-03,24.600000381469727,36200
2021-09-07,26.170000076293945,54500
2021-09-08,26.3700008392334,32100
2021-09-09,26.459999084472656,79300
2021-09-10,28.959999084472656,130100
2021-09-13,25.889999389648438,79900
2021-09-14,27.40999984741211,53700
2021-09-15,26.979999542236328,43500
2021-09-16,26.799999237060547,70400
2021-09-17,28.079999923706055,315300
2021-09-20,21.459999084472656,214100
2021-09-21,20.940000534057617,94800
2021-09-22,21.139999389648438,52200
2021-09-23,21.649999618530273,46200
2021-09-24,20.6200008392334,45400
2021-09-27,20.850000381469727,57200
2021-09-28,21.190000534057617,51000
2021-09-29,21.670000076293945,26600
2021-09-30,23.25,72200
2021-10-01,23.90999984741211,58100
2021-10-04,22.790000915527344,130000
2021-10-05,23.729999542236328,54500
2021-10-06,25.700000762939453,97100
2021-10-07,26.110000610351562,71500
2021-10-08,26.8799991607666,114800
2021-10-11,24.34000015258789,48800
2021-10-12,24.709999084472656,33700
2021-10-13,25.520000457763672,16800
2021-10-14,26.690000534057617,46600
2021-10-15,27.25,33400
2021-10-18,26.3700008392334,49700
2021-10-19,26.299999237060547,49300
2021-10-20,26.309999465942383,75900
2021-10-21,26.649999618530273,92000
2021-10-22,25.989999771118164,97600
2021-10-25,24.920000076293945,64500
2021-10-26,25.040000915527344,31600
2021-10-27,24.860000610351562,56200
2021-10-28,25.489999771118164,35000
2021-10-29,24.65999984741211,36400
2021-11-01,24.770000457763672,17800
2021-11-02,25.010000228881836,141600
2021-11-03,23.940000534057617,72400
2021-11-04,23.559999465942383,31900
2021-11-05,23.389999389648438,35900
2021-11-08,20.219999313354492,121300
2021-11-09,20.56999969482422,90000
2021-11-10,20.760000228881836,166700
2021-11-11,22.09000015258789,120900
2021-11-12,23.90999984741211,74400
2021-11-15,23.489999771118164,942300
2021-11-16,25.6299991607666,77300
2021-11-17,25.709999084472656,85700
2021-11-18,26.209999084472656,48000
2021-11-19,25.6200008392334,40700
2021-11-22,24.860000610351562,36200
2021-11-23,24.479999542236328,47900
2021-11-24,20.850000381469727,213700
2021-11-26,19.06999969482422,168900
2021-11-29,19.049999237060547,126900
2021-11-30,17.90999984741211,467100
2021-12-01,16.979999542236328,262600
2021-12-02,16.139999389648438,120700
2021-12-03,14.25,365600
2021-12-06,10.0,1984900
2021-12-07,12.039999961853027,1489700
2021-12-08,11.029999732971191,1720500
2021-12-09,10.350000381469727,1349700
2021-12-10,12.6899995803833,616000
2021-12-13,13.579999923706055,545900
2021-12-14,11.859999656677246,555100
2021-12-15,11.720000267028809,341300
2021-12-16,10.460000038146973,1268200
2021-12-17,10.359999656677246,1704900
2021-12-20,10.829999923706055,347000
2021-12-21,10.989999771118164,178100
2021-12-22,10.869999885559082,171400
2021-12-23,11.3100004196167,154500
2021-12-27,11.239999771118164,119400
2021-12-28,10.760000228881836,281800
2021-12-29,10.489999771118164,414100
2021-12-30,10.539999961853027,558900
2021-12-31,10.09000015258789,2030600
2022-01-03,11.6899995803833,991600
2022-01-04,10.890000343322754,488900
2022-01-05,10.680000305175781,423800
2022-01-06,11.079999923706055,519200
2022-01-07,11.079999923706055,998900
2022-01-10,11.020000457763672,609100
2022-01-11,11.529999732971191,432100
2022-01-12,9.579999923706055,1680100
2022-01-13,9.699999809265137,595800
2022-01-14,9.4399995803833,450300
2022-01-18,9.140000343322754,387000
2022-01-19,9.130000114440918,149000
2022-01-20,9.34000015258789,176700
2022-01-21,8.640000343322754,435500
2022-01-24,9.0,310600
2022-01-25,8.640000343322754,200900
2022-01-26,8.550000190734863,175100
2022-01-27,8.390000343322754,165700
2022-01-28,8.399999618530273,194000
2022-01-31,8.989999771118164,106700
2022-02-01,9.210000038146973,133300
2022-02-02,9.100000381469727,189400
2022-02-03,8.850000381469727,99800
2022-02-04,8.920000076293945,148800
2022-02-07,9.380000114440918,211700
2022-02-08,9.050000190734863,259400
2022-02-09,9.180000305175781,222000
2022-02-10,9.050000190734863,262600
2022-02-11,8.989999771118164,226400
2022-02-14,8.920000076293945,186800
2022-02-15,8.6899995803833,160900
2022-02-16,8.5,116600
2022-02-17,8.289999961853027,350700
2022-02-18,8.319999694824219,567900
2022-02-22,7.929999828338623,129900
2022-02-23,7.320000171661377,182100
2022-02-24,7.849999904632568,139500
2022-02-25,7.690000057220459,99700
2022-02-28,7.639999866485596,92000
2022-03-01,7.349999904632568,129400
2022-03-02,7.409999847412109,100300
2022-03-03,7.199999809265137,104900
2022-03-04,6.809999942779541,144300
2022-03-07,6.630000114440918,119300
2022-03-08,6.760000228881836,115800
2022-03-09,7.170000076293945,104200
2022-03-10,6.909999847412109,72600
2022-03-11,6.329999923706055,125000
2022-03-14,6.039999961853027,481500
2022-03-15,6.230000019073486,321700
2022-03-16,6.349999904632568,359500
2022-03-17,6.880000114440918,116100
2022-03-18,7.050000190734863,215500
2022-03-21,6.670000076293945,76900
2022-03-22,6.789999961853027,185500
2022-03-23,6.519999980926514,78200
2022-03-24,6.289999961853027,130700
2022-03-25,5.800000190734863,182900
2022-03-28,6.159999847412109,119800
2022-03-29,6.619999885559082,121000
2022-03-30,6.590000152587891,234300
2022-03-31,6.25,315000
2022-04-01,6.800000190734863,399700
2022-04-04,6.300000190734863,8673100
2022-04-05,7.329999923706055,825800
2022-04-06,7.159999847412109,699600
2022-04-07,7.769999980926514,258400
2022-04-08,7.46999979019165,480800
2022-04-11,7.260000228881836,314800
2022-04-12,6.690000057220459,491500
2022-04-13,6.800000190734863,219000
2022-04-14,6.800000190734863,148500
2022-04-18,6.25,179400
2022-04-19,6.539999961853027,119500
2022-04-20,6.670000076293945,58300
2022-04-21,6.46999979019165,105600
2022-04-22,6.449999809265137,98200
2022-04-25,7.0,209300
2022-04-26,6.400000095367432,158600
2022-04-27,6.21999979019165,181100
2022-04-28,5.96999979019165,266800
2022-04-29,6.210000038146973,122900
2022-05-02,6.440000057220459,131500
2022-05-03,6.510000228881836,104900
2022-05-04,6.269999980926514,81100
2022-05-05,5.46999979019165,307600
2022-05-06,5.239999771118164,399100
2022-05-09,4.630000114440918,212600
2022-05-10,4.849999904632568,189900
2022-05-11,4.590000152587891,149200
2022-05-12,4.360000133514404,164700
2022-05-13,4.110000133514404,366000
2022-05-16,4.079999923706055,236600
2022-05-17,4.46999979019165,197700
2022-05-18,4.199999809265137,134800
2022-05-19,4.269999980926514,88200
2022-05-20,4.230000019073486,86400
2022-05-23,4.21999979019165,25600
2022-05-24,4.21999979019165,0
2022-05-25,4.21999979019165,0
2022-05-26,4.21999979019165,0
2022-05-27,4.21999979019165,0
2022-05-31,4.21999979019165,0
2022-06-01,4.21999979019165,0
2022-06-02,4.21999979019165,0
2022-06-03,4.21999979019165,0
2022-06-06,4.21999979019165,0
2022-06-07,4.21999979019165,0
2022-06-08,4.21999979019165,0
2022-06-09,4.21999979019165,0
2022-06-10,4.21999979019165,0
2022-06-13,4.21999979019165,0
2022-06-14,4.21999979019165,0
2022-06-15,4.21999979019165,0
2022-06-16,4.21999979019165,0
2022-06-17,4.21999979019165,0
2022-06-21,4.21999979019165,0
2022-06-22,4.21999979019165,0
2022-06-23,4.21999979019165,0
2022-06-24,4.21999979019165,0
2022-06-27,4.21999979019165,0
2022-06-28,4.21999979019165,0
2022-06-29,4.21999979019165,0
2022-06-30,4.21999979019165,0
2022-07-01,4.21999979019165,0
2022-07-05,4.21999979019165,0
2022-07-06,4.21999979019165,0
2022-07-07,4.21999979019165,0
2022-07-08,4.21999979019165,0
2022-07-11,4.21999979019165,0
2022-07-12,4.21999979019165,0
2022-07-13,4.21999979019165,0
2022-07-14,4.21999979019165,0
2022-07-15,4.21999979019165,0
2022-07-18,4.21999979019165,0
2022-07-19,4.21999979019165,0
2022-07-20,4.21999979019165,0
2022-07-21,4.21999979019165,0
2022-07-22,4.21999979019165,0
2022-07-25,4.21999979019165,0
2022-07-26,4.21999979019165,0
2022-07-27,4.21999979019165,0
2022-07-28,4.21999979019165,0
2022-07-29,4.21999979019165,0
2022-08-01,4.21999979019165,0
2022-08-02,4.21999979019165,0
2022-08-03,4.21999979019165,0
2022-08-04,4.21999979019165,0
2022-08-05,4.21999979019165,0
2022-08-08,4.21999979019165,0
2022-08-09,4.21999979019165,0
2022-08-10,4.21999979019165,0
2022-08-11,4.21999979019165,0
2022-08-12,4.21999979019165,0
2022-08-15,4.21999979019165,0
2022-08-16,4.21999979019165,0
2022-08-17,4.21999979019165,0
2022-08-18,4.21999979019165,0
2022-08-19,4.21999979019165,0
2022-08-22,4.21999979019165,0
2022-08-23,4.21999979019165,0
2022-08-24,4.21999979019165,0
2022-08-25,4.21999979019165,0
2022-08-26,4.21999979019165,0
2022-08-29,4.21999979019165,0
2022-08-30,4.21999979019165,0
2022-08-31,4.21999979019165,0
2022-09-01,4.21999979019165,0
2022-09-02,4.21999979019165,0
2022-09-06,4.21999979019165,0
2022-09-07,4.21999979019165,0
2022-09-08,4.21999979019165,0
2022-09-09,4.21999979019165,0
2022-09-12,4.21999979019165,0
2022-09-13,4.21999979019165,0
2022-09-14,4.21999979019165,0
2022-09-15,4.21999979019165,0
2022-09-16,4.21999979019165,0
2022-09-19,4.21999979019165,0
2022-09-20,4.21999979019165,0
2022-09-21,4.21999979019165,0
2022-09-22,4.21999979019165,0
2022-09-23,4.21999979019165,0
2022-09-26,4.21999979019165,0
2022-09-27,4.21999979019165,0
2022-09-28,4.21999979019165,0
2022-09-29,4.21999979019165,0
2022-09-30,4.21999979019165,0
2022-10-03,4.21999979019165,0
2022-10-04,4.21999979019165,0
2022-10-05,4.21999979019165,0
2022-10-06,4.21999979019165,0
2022-10-07,4.21999979019165,0
2022-10-10,4.21999979019165,0
2022-10-11,4.21999979019165,0
2022-10-12,4.21999979019165,0
2022-10-13,4.21999979019165,0
2022-10-14,4.21999979019165,0
2022-10-17,4.21999979019165,0
2022-10-18,4.21999979019165,0
2022-10-19,4.21999979019165,0
2022-10-20,4.21999979019165,0
2022-10-21,4.21999979019165,0
2022-10-24,4.21999979019165,0
2022-10-25,4.21999979019165,0
2022-10-26,4.21999979019165,0
2022-10-27,4.21999979019165,0
2022-10-28,4.21999979019165,0
2022-10-31,4.21999979019165,0
2022-11-01,4.21999979019165,0
2022-11-02,4.21999979019165,0
2022-11-03,4.21999979019165,0
2022-11-04,4.21999979019165,0
2022-11-07,4.21999979019165,0
2022-11-08,4.21999979019165,0
2022-11-09,4.21999979019165,0
2022-11-10,4.21999979019165,0
2022-11-11,4.21999979019165,0
2022-11-14,4.21999979019165,0
2022-11-15,4.21999979019165,0
2022-11-16,4.21999979019165,0
2022-11-17,4.21999979019165,0
2022-11-22,0.9900000095367432,1405100
2022-11-23,2.5,569300
2022-11-25,2.25,705700
2022-11-28,1.5,26000
2022-11-29,1.5,96000
2022-11-30,1.4500000476837158,162400
2022-12-01,1.399999976158142,21900
2022-12-02,1.4800000190734863,185200
2022-12-05,1.399999976158142,309800
2022-12-06,1.309999942779541,26500
2022-12-07,1.309999942779541,10800
2022-12-08,1.3899999856948853,70800
2022-12-09,1.409999966621399,7400
2022-12-12,1.4900000095367432,62600
2022-12-13,1.409999966621399,56800
2022-12-14,1.309999942779541,70400
2022-12-15,1.309999942779541,28500
2022-12-16,1.3200000524520874,47100
2022-12-19,1.3200000524520874,53600
2022-12-20,1.409999966621399,14200
2022-12-21,1.309999942779541,4400
2022-12-22,1.350000023841858,59300
2022-12-23,1.3300000429153442,16000
2022-12-27,1.3200000524520874,143400
2022-12-28,1.3200000524520874,10000
2022-12-29,1.399999976158142,605100
2022-12-30,1.3300000429153442,9300
2023-01-03,1.3300000429153442,200
2023-01-04,1.350000023841858,3200
2023-01-05,1.4500000476837158,5600
2023-01-06,1.4500000476837158,11200
2023-01-09,1.3300000429153442,66000
2023-01-10,1.4199999570846558,26700
2023-01-11,1.3300000429153442,21600
2023-01-12,1.340000033378601,6700
2023-01-13,1.3300000429153442,50900
2023-01-17,1.309999942779541,3400
2023-01-18,1.2200000286102295,1800
2023-01-19,1.3200000524520874,1200
2023-01-20,1.2699999809265137,1700
2023-01-23,1.4900000095367432,600
2023-01-24,1.2999999523162842,35600
2023-01-25,1.3200000524520874,800
2023-01-26,1.2999999523162842,2000
2023-01-27,1.4199999570846558,1900
2023-01-30,1.409999966621399,7000
2023-01-31,1.409999966621399,0
2023-02-01,1.2999999523162842,3600
2023-02-02,1.4900000095367432,300
2023-02-03,1.4500000476837158,27700
2023-02-06,1.5099999904632568,14900
2023-02-07,1.5399999618530273,8700
2023-02-08,1.3600000143051147,3000
2023-02-09,1.5,1400
2023-02-10,1.5,0
2023-02-13,2.0,700
2023-02-14,1.5,2700
2023-02-15,1.850000023841858,3300
2023-02-16,2.0,3500
2023-02-17,1.649999976158142,3300
2023-02-21,1.649999976158142,1000
2023-02-22,1.4500000476837158,5600
2023-02-23,1.9900000095367432,300
2023-02-24,1.9500000476837158,200
2023-02-27,1.350000023841858,13700
2023-02-28,1.350000023841858,13000
2023-03-01,1.5,9600
2023-03-02,1.5099999904632568,25900
2023-03-03,1.5099999904632568,16600
2023-03-06,2.4000000953674316,46600
2023-03-07,2.3499999046325684,300
2023-03-08,1.600000023841858,3600
2023-03-09,1.850000023841858,400
2023-03-10,1.9500000476837158,300
2023-03-13,1.5,12000
2023-03-14,1.5,9000
2023-03-15,1.5,300
2023-03-16,1.75,2400
2023-03-17,1.9900000095367432,46400
2023-03-20,1.5,1600
2023-03-21,1.5,100
2023-03-22,2.200000047683716,400
2023-03-23,1.5,1100
2023-03-24,1.5,800
2023-03-27,1.5,0
2023-03-28,1.5,2000
2023-03-29,1.5099999904632568,700
2023-03-30,1.5099999904632568,900
2023-03-31,2.0999999046325684,100
2023-04-03,2.0999999046325684,100
2023-04-04,1.75,500
2023-04-05,1.75,1600
2023-04-06,1.7000000476837158,900
2023-04-10,2.299999952316284,46200
2023-04-11,2.5799999237060547,13000
2023-04-12,2.5799999237060547,0
2023-04-13,2.5799999237060547,1300
2023-04-14,2.4000000953674316,2000
2023-04-17,2.5,900
2023-04-18,2.5,0
2023-04-19,2.5799999237060547,10500
2023-04-20,2.549999952316284,400
2023-04-21,2.75,23200
2023-04-24,2.8299999237060547,18200
2023-04-25,2.75,13700
2023-04-26,2.75,55900
2023-04-27,2.75,3200
2023-04-28,2.8499999046325684,3500
2023-05-01,2.75,43000
2023-05-02,2.7699999809265137,600
2023-05-03,2.75,28000
2023-05-04,2.8499999046325684,20100
2023-05-05,2.940000057220459,18400
2023-05-08,2.9700000286102295,12900
2023-05-09,2.9700000286102295,0
2023-05-10,2.75,22500
2023-05-11,2.75,205200
2023-05-12,2.75,42500
2023-05-15,2.75,0
2023-05-16,2.75,800
2023-05-17,2.75,900
2023-05-18,2.75,3400
2023-05-19,3.009999990463257,44900
2023-05-22,2.8499999046325684,700
2023-05-23,3.75,32200
2023-05-24,3.75,0
2023-05-25,3.0299999713897705,2000
2023-05-26,2.9100000858306885,1300
2023-05-30,3.200000047683716,3200
2023-05-31,3.200000047683716,8500
2023-06-01,3.200000047683716,200
2023-06-02,3.990000009536743,44200
2023-06-05,5.289999961853027,69500
2023-06-06,5.199999809265137,148700
2023-06-07,5.199999809265137,4500
2023-06-08,5.300000190734863,3800
2023-06-09,5.5,15000
2023-06-12,5.5,13800
2023-06-13,5.5,5200
2023-06-14,5.550000190734863,900
2023-06-15,5.5,10600
2023-06-16,5.800000190734863,6300
2023-06-20,5.5,100
2023-06-21,5.449999809265137,800
2023-06-22,5.400000095367432,2600
2023-06-23,5.400000095367432,0
2023-06-26,5.400000095367432,100
2023-06-27,5.400000095367432,5700
2023-06-28,5.5,24200
2023-06-29,5.5,0
2023-06-30,5.5,5800
2023-07-03,5.5,21100
2023-07-05,5.5,500
2023-07-06,5.75,200
2023-07-07,5.75,1400
2023-07-10,5.699999809265137,128700
2023-07-11,5.699999809265137,4500
2023-07-12,5.699999809265137,600
2023-07-13,5.25,13900
2023-07-14,5.25,15800
2023-07-17,5.449999809265137,11600
2023-07-18,5.449999809265137,14800
2023-07-19,5.25,8600
2023-07-20,5.25,15100
2023-07-21,5.150000095367432,21600
2023-07-24,5.150000095367432,5100
2023-07-25,5.150000095367432,9900
2023-07-26,5.150000095367432,7200
2023-07-27,5.150000095367432,11200
2023-07-28,5.25,1000
2023-07-31,5.25,1700
2023-08-01,5.25,2300
2023-08-02,5.5,200
2023-08-03,5.699999809265137,10000
2023-08-04,5.5,18300
2023-08-07,5.449999809265137,1000
2023-08-08,5.5,34900
2023-08-09,5.519999980926514,3400
2023-08-10,5.550000190734863,100
2023-08-11,5.550000190734863,0
2023-08-14,5.260000228881836,2100
2023-08-15,5.260000228881836,6600
2023-08-16,5.449999809265137,100
2023-08-17,5.260000228881836,700
2023-08-18,5.260000228881836,11300
2023-08-21,5.260000228881836,0
2023-08-22,5.210000038146973,21300
2023-08-23,5.150000095367432,10600
2023-08-24,5.050000190734863,1500
2023-08-25,5.050000190734863,200
2023-08-28,5.050000190734863,0
2023-08-29,5.0,800
2023-08-30,5.0,3500
2023-08-31,4.590000152587891,8900
2023-09-01,5.0,4000
2023-09-05,5.0,0
2023-09-06,5.0,0
2023-09-07,5.0,100
2023-09-08,4.5,1000
2023-09-11,4.400000095367432,3000
2023-09-12,4.400000095367432,0
2023-09-13,4.5,32900
2023-09-14,4.5,100
2023-09-15,5.0,100
2023-09-18,4.5,500
2023-09-19,4.5,800
2023-09-20,4.5,0
2023-09-21,4.050000190734863,400
2023-09-22,4.949999809265137,100
2023-09-25,4.050000190734863,300
2023-09-26,4.050000190734863,200
2023-09-27,4.099999904632568,3100
2023-09-28,4.75,2100
2023-09-29,4.75,900
2023-10-02,4.829999923706055,500
2023-10-03,4.829999923706055,0
2023-10-04,4.800000190734863,400
2023-10-05,4.75,1900
2023-10-06,4.699999809265137,7900
2023-10-09,5.0,40600
2023-10-10,4.809999942779541,400
2023-10-11,4.650000095367432,1100
2023-10-12,4.650000095367432,1200
2023-10-13,4.809999942779541,3200
2023-10-16,5.0,900
2023-10-17,5.0,0
2023-10-18,5.0,0
2023-10-19,4.519999980926514,3000
2023-10-20,5.0,100
2023-10-23,4.519999980926514,200
2023-10-24,4.239999771118164,2700
2023-10-25,4.75,400
2023-10-26,4.75,0
2023-10-27,4.110000133514404,400
2023-10-30,4.099999904632568,1700
2023-10-31,3.9000000953674316,700
2023-11-01,4.099999904632568,900
2023-11-02,4.099999904632568,3300
2023-11-03,3.740000009536743,1700
2023-11-06,3.5,3100
2023-11-07,3.740000009536743,1100
2023-11-08,3.740000009536743,900
2023-11-09,3.4000000953674316,5600
2023-11-10,3.740000009536743,2500
2023-11-13,3.740000009536743,1100
2023-11-14,3.75,900
2023-11-15,3.5,29200
2023-11-16,3.049999952316284,7900
2023-11-17,3.75,900
2023-11-20,3.5,2600
2023-11-21,3.0999999046325684,2100
2023-11-22,3.740000009536743,1000
2023-11-24,3.740000009536743,15600
2023-11-27,3.740000009536743,16200
2023-11-28,4.119999885559082,6200
2023-11-29,4.489999771118164,10000
2023-11-30,4.75,1100
2023-12-01,4.5,2700
2023-12-04,3.740000009536743,1800
2023-12-05,3.740000009536743,1200
2023-12-06,4.25,8500
2023-12-07,4.800000190734863,1300
2023-12-08,4.099999904632568,8100
2023-12-11,4.300000190734863,2500
2023-12-12,4.800000190734863,5800
2023-12-13,4.550000190734863,1600
2023-12-14,4.5,1600
2023-12-15,4.25,7100
2023-12-18,4.239999771118164,1800
2023-12-19,4.099999904632568,12500
2023-12-20,4.21999979019165,24100
2023-12-21,4.75,2300
2023-12-22,4.630000114440918,3400
2023-12-26,4.5,9100
2023-12-27,4.5,26500
2023-12-28,4.75,59600
2023-12-29,4.75,20100
2024-01-02,4.75,100
2024-01-03,5.0,11900
2024-01-04,5.0,2000
2024-01-05,5.0,2600
2024-01-08,5.0,0
2024-01-09,4.5,1000
2024-01-10,4.5,1500
2024-01-11,4.5,0
2024-01-12,4.25,1600
2024-01-16,4.050000190734863,6200
2024-01-17,4.019999980926514,7400
2024-01-18,4.25,607700
2024-01-19,4.5,9500
2024-01-22,4.429999828338623,38800
2024-01-23,4.449999809265137,500
2024-01-24,4.5,46700
2024-01-25,4.75,13300
2024-01-26,4.849999904632568,100
2024-01-29,4.800000190734863,24300
2024-01-30,5.0,8900
2024-01-31,4.949999809265137,13300
2024-02-01,4.949999809265137,0
2024-02-02,4.900000095367432,2500
2024-02-05,4.900000095367432,0
2024-02-06,4.75,10100
2024-02-07,4.5,4400
2024-02-08,4.5,2800
2024-02-09,4.550000190734863,3500
2024-02-12,4.849999904632568,2400
2024-02-13,4.010000228881836,300
2024-02-14,4.5,100
2024-02-15,4.75,2200
2024-02-16,4.75,0
2024-02-20,4.5,2700
2024-02-21,4.5,400
2024-02-22,4.5,0
2024-02-23,4.0,2500
2024-02-26,4.489999771118164,1700
2024-02-27,4.340000152587891,600000
2024-02-28,4.0,4700
2024-02-29,4.5,500
2024-03-01,4.5,0
2024-03-04,4.019999980926514,500
2024-03-05,4.400000095367432,800
2024-03-06,4.400000095367432,4200
2024-03-07,4.5,300
2024-03-08,4.0,900
2024-03-11,4.0,100
2024-03-12,4.0,1800
2024-03-13,4.0,9600
2024-03-14,4.0,0
2024-03-15,4.25,200
2024-03-18,4.0,2700
2024-03-19,4.400000095367432,300
2024-03-20,4.010000228881836,1400
2024-03-21,4.010000228881836,6200
2024-03-22,4.03000020980835,5900
2024-03-25,4.349999904632568,1400
2024-03-26,4.300000190734863,1000
2024-03-27,4.289999961853027,6200
2024-03-28,4.289999961853027,2700
2024-04-01,4.03000020980835,8400
2024-04-02,4.25,3800
2024-04-03,4.25,3500
2024-04-04,4.25,12600
2024-04-05,4.03000020980835,200
2024-04-08,4.03000020980835,6600
2024-04-09,4.5,100
2024-04-10,4.5,0
2024-04-11,4.5,0
2024-04-12,4.03000020980835,2100
2024-04-15,4.400000095367432,200
2024-04-16,4.03000020980835,2100
2024-04-17,4.03000020980835,1100
2024-04-18,4.03000020980835,0
2024-04-19,4.349999904632568,1100
2024-04-22,4.03000020980835,15200
2024-04-23,4.03000020980835,17400
2024-04-24,4.5,400
2024-04-25,4.5,0
2024-04-26,4.5,0
2024-04-29,4.25,5100
2024-04-30,4.46999979019165,3700
2024-05-01,4.46999979019165,0
2024-05-02,4.46999979019165,0
2024-05-03,4.46999979019165,0
2024-05-06,4.019999980926514,1800
2024-05-07,4.449999809265137,100
2024-05-08,4.449999809265137,0
2024-05-09,4.03000020980835,18700
2024-05-10,4.03000020980835,22300
2024-05-13,4.03000020980835,0
2024-05-14,4.449999809265137,100
2024-05-15,4.0,4400
2024-05-16,4.449999809265137,100
2024-05-17,4.03000020980835,3600
2024-05-20,4.0,8300
2024-05-21,4.449999809265137,100
2024-05-22,4.050000190734863,6900
2024-05-23,4.0,2100
2024-05-24,4.0,300
2024-05-28,4.400000095367432,100
2024-05-29,4.150000095367432,1200
2024-05-30,4.0,4300
2024-05-31,4.349999904632568,300
2024-06-03,4.349999904632568,2000
2024-06-04,4.099999904632568,2400
2024-06-05,4.0,200
2024-06-06,4.0,800
2024-06-07,4.349999904632568,500
2024-06-10,4.349999904632568,0
2024-06-11,4.300000190734863,100
2024-06-12,4.25,3400
2024-06-13,4.0,2600
2024-06-14,4.0,1100
2024-06-17,4.0,3600
2024-06-18,4.0,19500
2024-06-20,4.0,36000
2024-06-21,4.010000228881836,2200
2024-06-24,4.0,4600
2024-06-25,4.010000228881836,4600
2024-06-26,4.0,10600
2024-06-27,4.03000020980835,10200
2024-06-28,4.0,20700
2024-07-01,4.0,2000
2024-07-02,4.0,13600
2024-07-03,4.0,10100
2024-07-05,4.0,65300
2024-07-08,4.019999980926514,300
2024-07-09,3.950000047683716,1400
2024-07-10,4.0,100
2024-07-11,4.0,100
2024-07-12,4.0,700
2024-07-15,4.0,100
2024-07-16,4.0,100
2024-07-17,3.7799999713897705,2300
2024-07-18,3.950000047683716,100
2024-07-19,3.9000000953674316,700
2024-07-22,3.9000000953674316,0
2024-07-23,3.9000000953674316,400
2024-07-24,3.9000000953674316,0
2024-07-25,3.9000000953674316,100
2024-07-26,3.75,2500
2024-07-29,3.5,3700
2024-07-30,3.5,100
2024-07-31,3.5,0
2024-08-01,3.6500000953674316,100
2024-08-02,3.299999952316284,6100
2024-08-05,3.259999990463257,600
2024-08-06,3.259999990463257,29000
2024-08-07,3.2799999713897705,5800
2024-08-08,3.259999990463257,200
2024-08-09,3.259999990463257,600
2024-08-12,3.259999990463257,26400
2024-08-13,3.240000009536743,600
2024-08-14,3.640000104904175,600
2024-08-15,3.640000104904175,0
2024-08-16,3.6500000953674316,100
2024-08-19,3.6500000953674316,300
2024-08-20,3.5,300
2024-08-21,3.5,0
2024-08-22,3.240000009536743,5100
2024-08-23,3.950000047683716,200
2024-08-26,3.1600000858306885,2700
2024-08-27,3.25,2600
2024-08-28,3.25,0
2024-08-29,3.240000009536743,700
2024-08-30,3.240000009536743,10200
2024-09-03,3.950000047683716,1700
2024-09-04,3.5,900
2024-09-05,3.240000009536743,2100
2024-09-06,3.25,2400
2024-09-09,3.1600000858306885,25200
2024-09-10,3.1600000858306885,0
2024-09-11,3.1600000858306885,0
2024-09-12,3.1600000858306885,0
2024-09-13,3.200000047683716,300
2024-09-16,3.200000047683716,0
2024-09-17,3.0,800
2024-09-18,3.0,200
2024-09-19,3.0,100
2024-09-20,3.0,1100
2024-09-23,2.5,6800
2024-09-24,3.0,100
2024-09-25,3.0,0
2024-09-26,2.509999990463257,2700
2024-09-27,2.5,1000
2024-09-30,2.5,0
2024-10-01,2.0999999046325684,13900
2024-10-02,2.0999999046325684,4200
2024-10-03,2.0999999046325684,2200
2024-10-04,2.0999999046325684,0
2024-10-07,2.25,1000
2024-10-08,2.25,1400
2024-10-09,2.25,0
2024-10-10,2.25,0
2024-10-11,2.25,0
2024-10-14,2.25,3800
2024-10-15,2.25,8200
2024-10-16,2.25,0
2024-10-17,2.25,100
2024-10-18,2.25,300
2024-10-21,2.200000047683716,1000
2024-10-22,2.200000047683716,0
2024-10-23,2.200000047683716,0
2024-10-24,2.200000047683716,0
2024-10-25,2.200000047683716,0
2024-10-28,2.0,375400
2024-10-29,1.7000000476837158,23400
2024-10-30,1.75,4100
2024-10-31,1.9800000190734863,2000
2024-11-01,1.850000023841858,1300
2024-11-04,1.850000023841858,0
2024-11-05,1.850000023841858,100
2024-11-06,1.6799999475479126,16800
2024-11-07,1.6799999475479126,1600
2024-11-08,1.899999976158142,9300
2024-11-11,1.7999999523162842,6200
2024-11-12,1.899999976158142,8400
2024-11-13,1.850000023841858,10300
2024-11-14,1.75,10400
2024-11-15,1.850000023841858,600
2024-11-18,1.5,1200
2024-11-19,1.5,16900
2024-11-20,1.5,34100
2024-11-21,1.5,24500
2024-11-22,1.5,20600
2024-11-25,1.5,1500
2024-11-26,1.5,20300
2024-11-27,1.5,100
2024-11-29,1.5,4200
2024-12-02,1.5099999904632568,9500
2024-12-03,1.5099999904632568,99500
2024-12-04,1.5099999904632568,287800
2024-12-05,1.5,21000
2024-12-06,1.5,59000
2024-12-09,1.5099999904632568,44100
2024-12-10,1.5,52300
2024-12-11,1.5099999904632568,85500
2024-12-12,1.5,400
2024-12-13,1.5,500
2024-12-16,3.049999952316284,155100
2024-12-17,3.5,18400
2024-12-18,3.5,141900
2024-12-19,3.990000009536743,38500
2024-12-20,4.25,6000
2024-12-23,4.25,0
2024-12-24,4.25,5700
2024-12-26,4.0,8000
2024-12-27,4.5,18500
2024-12-30,4.5,42400
2024-12-31,4.75,29100
2025-01-02,5.400000095367432,22500
2025-01-03,5.5,9200
2025-01-06,5.199999809265137,1900
2025-01-07,5.5,5800
2025-01-08,5.800000190734863,2400
2025-01-10,5.650000095367432,4900
2025-01-13,5.800000190734863,3000
2025-01-14,5.800000190734863,2100
2025-01-15,5.800000190734863,9400
2025-01-16,6.0,3100
2025-01-17,5.900000095367432,5200
2025-01-21,5.800000190734863,500
2025-01-22,5.800000190734863,1100
2025-01-23,5.809999942779541,10700
2025-01-24,5.960000038146973,100
2025-01-27,5.809999942779541,100
2025-01-28,5.800000190734863,2200
2025-01-29,5.75,10000
2025-01-30,5.510000228881836,25300
2025-01-31,5.880000114440918,6200
2025-02-03,5.800000190734863,45200
2025-02-04,5.800000190734863,18000
2025-02-05,5.849999904632568,7600
2025-02-06,5.909999847412109,7000
2025-02-07,5.900000095367432,5800
2025-02-10,5.900000095367432,13200
2025-02-11,6.0,1200
2025-02-12,5.880000114440918,4600
2025-02-13,5.900000095367432,10800
2025-02-14,6.0,2700
2025-02-18,6.010000228881836,300
2025-02-19,6.0,900
2025-02-20,6.199999809265137,1700
2025-02-21,6.349999904632568,11700
2025-02-24,6.349999904632568,1800
2025-02-25,6.25,3100
2025-02-26,6.400000095367432,1200
2025-02-27,6.400000095367432,0
2025-02-28,6.300000190734863,1200
2025-03-03,6.199999809265137,100
2025-03-04,6.0,5300
2025-03-05,5.849999904632568,8300
2025-03-06,6.0,3300
2025-03-07,6.0,200
2025-03-10,6.0,0
2025-03-11,6.0,0
2025-03-12,6.0,0
2025-03-13,5.800000190734863,6100
2025-03-14,5.829999923706055,13000
2025-03-17,5.800000190734863,4200
2025-03-18,6.099999904632568,2100
2025-03-19,6.0,7400
2025-03-20,6.0,19600
2025-03-21,6.0,3500
2025-03-24,5.650000095367432,7000
2025-03-25,5.690000057220459,2800
2025-03-26,5.539999961853027,16200
2025-03-27,5.900000095367432,2100
2025-03-28,5.75,900
2025-03-31,5.730000019073486,100
2025-04-01,5.25,2600
2025-04-02,5.25,6000
2025-04-03,5.0,23500
2025-04-04,4.849999904632568,15300
2025-04-07,4.75,3900
2025-04-08,4.75,6700
2025-04-09,4.550000190734863,5900
2025-04-10,4.5,1000
2025-04-11,4.599999904632568,700
2025-04-14,4.75,400
2025-04-15,5.0,100
2025-04-16,5.0,0
2025-04-17,4.949999809265137,4000
2025-04-21,4.949999809265137,0
2025-04-22,4.949999809265137,0
2025-04-23,4.800000190734863,700
2025-04-24,4.75,2200
2025-04-25,4.599999904632568,2200
2025-04-28,4.5,1000
2025-04-29,4.5,1000
2025-04-30,4.5,3200
2025-05-01,4.25,22600
2025-05-02,4.349999904632568,9900
2025-05-05,4.400000095367432,7600
2025-05-06,4.25,1000
2025-05-07,4.25,800
2025-05-08,4.300000190734863,5800
2025-05-09,4.300000190734863,0
2025-05-12,4.199999809265137,800
2025-05-13,4.349999904632568,2100
2025-05-14,4.400000095367432,100
2025-05-15,4.449999809265137,100
2025-05-16,4.199999809265137,1500
2025-05-19,4.300000190734863,4800
2025-05-20,4.300000190734863,16600
2025-05-21,4.300000190734863,0
2025-05-22,4.300000190734863,1800
2025-05-23,4.25,10200
2025-05-27,4.010000228881836,7700
2025-05-28,4.099999904632568,100
2025-05-29,4.099999904632568,0
2025-05-30,4.099999904632568,0
2025-06-02,4.199999809265137,2500
2025-06-03,4.25,1100
2025-06-04,4.25,0
2025-06-05,4.230000019073486,7300
2025-06-06,4.25,5400
2025-06-09,4.210000038146973,3800
2025-06-10,4.25,400
2025-06-11,4.239999771118164,700
2025-06-12,4.239999771118164,0
2025-06-13,4.239999771118164,0
2025-06-16,4.239999771118164,0
2025-06-17,4.25,2400
2025-06-18,4.25,0
2025-06-20,4.099999904632568,4100
2025-06-23,4.0,45000
2025-06-24,4.0,300
2025-06-25,4.050000190734863,4100
2025-06-26,4.0,1100
2025-06-27,4.0,13800
2025-06-30,4.199999809265137,100
2025-07-01,4.050000190734863,200
2025-07-02,4.099999904632568,900
2025-07-03,4.0,39600
2025-07-07,4.050000190734863,300
2025-07-08,4.0,10600
2025-07-09,4.0,2100
2025-07-10,4.0,0
2025-07-11,4.0,200
2025-07-14,4.010000228881836,40900
2025-07-15,4.050000190734863,1500
2025-07-16,4.050000190734863,800
2025-07-17,4.099999904632568,2100
2025-07-18,4.099999904632568,1100
2025-07-21,4.099999904632568,0
2025-07-22,4.099999904632568,200
2025-07-23,4.099999904632568,0
2025-07-24,4.099999904632568,0
2025-07-25,4.099999904632568,2100
2025-07-28,4.099999904632568,0
2025-07-29,4.099999904632568,700
2025-07-30,4.099999904632568,0
2025-07-31,4.099999904632568,0
2025-08-01,4.050000190734863,800
2025-08-04,4.099999904632568,200
2025-08-05,3.8499999046325684,3600
2025-08-06,4.0,300
2025-08-07,4.0,1300
2025-08-08,4.0,0
2025-08-11,4.0,0
2025-08-12,4.0,0
2025-08-13,4.050000190734863,800
2025-08-14,4.110000133514404,5600
2025-08-15,4.260000228881836,18400
2025-08-18,4.199999809265137,1100
2025-08-19,4.199999809265137,0
2025-08-20,4.199999809265137,25600
2025-08-21,4.199999809265137,2000
2025-08-22,4.210000038146973,600
2025-08-25,4.210000038146973,0
2025-08-26,4.300000190734863,2500
2025-08-27,4.300000190734863,0
2025-08-28,4.300000190734863,0
2025-08-29,4.25,1200
2025-09-02,4.25,300
2025-09-03,4.199999809265137,300
2025-09-04,4.199999809265137,200
2025-09-05,4.25,1200
2025-09-08,4.25,101800
2025-09-09,4.349999904632568,400
2025-09-10,4.400000095367432,500
2025-09-11,4.400000095367432,0
2025-09-12,4.400000095367432,0
2025-09-15,4.400000095367432,0
2025-09-16,4.400000095367432,0
2025-09-17,4.300000190734863,4400
2025-09-18,4.300000190734863,1700
2025-09-19,4.260000228881836,400
2025-09-22,4.190000057220459,300
2025-09-23,4.25,900
2025-09-24,4.289999961853027,500
2025-09-25,4.289999961853027,0
2025-09-26,4.349999904632568,100
2025-09-29,4.429999828338623,100
2025-09-30,4.289999961853027,7100
2025-10-01,4.289999961853027,300
2025-10-02,4.289999961853027,300
2025-10-03,4.300000190734863,1200
2025-10-06,4.300000190734863,0
2025-10-07,4.289999961853027,1000
2025-10-08,4.289999961853027,3200
2025-10-09,4.300000190734863,400
2025-10-10,4.289999961853027,300
2025-10-13,4.289999961853027,400
2025-10-14,4.289999961853027,500
2025-10-15,4.289999961853027,1100
2025-10-16,4.300000190734863,400
2025-10-17,4.300000190734863,0
2025-10-20,4.300000190734863,300
2025-10-21,4.289999961853027,2000
2025-10-22,4.300000190734863,1200
2025-10-23,4.300000190734863,200
2025-10-24,4.300000190734863,0
2025-10-27,4.300000190734863,0
2025-10-28,4.300000190734863,0
2025-10-29,4.300000190734863,0
2025-10-30,4.300000190734863,0
2025-10-31,4.099999904632568,12500
2025-11-03,4.099999904632568,0
2025-11-04,4.010000228881836,6100
2025-11-05,4.010000228881836,0
2025-11-06,4.010000228881836,900
2025-11-07,4.010000228881836,5400
2025-11-10,4.010000228881836,104700
2025-11-11,4.010000228881836,0
2025-11-12,4.010000228881836,100
2025-11-13,4.050000190734863,4600
2025-11-14,4.010000228881836,67700
2025-11-17,3.990000009536743,210200
2025-11-18,3.8499999046325684,18400
2025-11-19,4.010000228881836,636900
2025-11-20,4.239999771118164,3400
2025-11-21,4.010000228881836,1700
2025-11-24,4.010000228881836,4900
2025-11-25,4.010000228881836,9000
2025-11-26,4.150000095367432,5300
2025-11-28,4.150000095367432,0
2025-12-01,4.099999904632568,600
2025-12-02,4.099999904632568,0
2025-12-03,4.010000228881836,600
2025-12-04,4.010000228881836,6100
2025-12-05,4.150000095367432,200900
2025-12-08,4.150000095367432,800
2025-12-09,4.010000228881836,7400
2025-12-10,4.010000228881836,9100
2025-12-11,4.010000228881836,200
2025-12-12,4.099999904632568,209200
2025-12-15,4.010000228881836,56500
2025-12-16,4.010000228881836,0
2025-12-17,4.130000114440918,32100
2025-12-18,4.010000228881836,105800
2025-12-19,4.010000228881836,3400
2025-12-22,4.010000228881836,2200
2025-12-23,4.010000228881836,12600
2025-12-24,4.010000228881836,0
2025-12-26,4.010000228881836,4300
2025-12-29,4.010000228881836,15900
2025-12-30,4.010000228881836,1400
2025-12-31,4.300000190734863,47200
2026-01-02,4.300000190734863,64600
2026-01-05,4.400000095367432,5000
2026-01-06,4.349999904632568,600
2026-01-07,4.349999904632568,0
2026-01-08,4.349999904632568,4900
2026-01-09,4.650000095367432,11900
2026-01-12,4.5,2500
2026-01-13,4.599999904632568,5900
2026-01-14,4.599999904632568,0
2026-01-15,4.599999904632568,2700
2026-01-16,4.730000019073486,2900
2026-01-20,4.730000019073486,0
2026-01-21,4.730000019073486,3800
2026-01-22,4.650000095367432,1400
2026-01-23,4.929999828338623,300
2026-01-26,4.699999809265137,1000
2026-01-27,4.699999809265137,10500
2026-01-28,4.650000095367432,34400
2026-01-29,4.599999904632568,12700
2026-01-30,5.0,43200
2026-02-02,5.150000095367432,10600
2026-02-03,5.099999904632568,32400
2026-02-04,5.150000095367432,18700
2026-02-05,5.150000095367432,4200
2026-02-06,5.099999904632568,800
2026-02-09,5.25,6500
2026-02-10,5.550000190734863,6200
2026-02-11,5.550000190734863,4900
2026-02-12,5.300000190734863,8300
2026-02-13,5.079999923706055,1100
2026-02-17,5.25,9500
2026-02-18,5.25,4600
2026-02-19,5.010000228881836,200
2026-02-20,5.300000190734863,18300
2026-02-23,5.300000190734863,8800
2026-02-24,5.449999809265137,4600
2026-02-25,5.75,29300
2026-02-26,5.800000190734863,3000
2026-02-27,5.800000190734863,300
2026-03-02,5.849999904632568,8000
2026-03-03,5.849999904632568,9200
2026-03-04,5.800000190734863,7000
2026-03-05,5.75,4700
2026-03-06,5.75,2100
2026-03-09,5.75,6100
2026-03-10,5.5,1300
2026-03-11,5.559999942779541,600
2026-03-12,5.400000095367432,3600
2026-03-13,5.400000095367432,22400
2026-03-16,5.5,3500
2026-03-17,5.25,5100
2026-03-18,5.349999904632568,5400
2026-03-19,5.25,6900
2026-03-20,5.25,1
